{"_timestamp":1.7684801494965503e+09,"_wandb":{"runtime":26},"_runtime":26,"_step":2,"loss":154.87466220311182,"acc":[0.0914,0.0914,0.0914],"epoch":3}