{"_wandb":{"runtime":26},"_runtime":26,"_step":2,"loss":155.39307980444383,"acc":[0.0914,0.0914,0.0914],"epoch":3,"_timestamp":1.7684801140349543e+09}